<?xml version="1.0" encoding="UTF-8"?>
<Audio version="1.0" timeUnit="ms" interactionArea="#hoverboardRect" gain="-10dB">
	
	<Mixer>
		<Chain portamento="50">

			<AudioBufferSourceNode class="sound" id="sound1" loop="true" src="C1/C1.wav" loopStart="0" loopEnd="5050">
		      <!--playbackRate value="1" follow="relX" map="0, 100, -2, 2"></playbackRate-->
		    </AudioBufferSourceNode>
			
			<!--GainNode>
				<gain>
					<Envelope adsr="100,100,50,20" trig="pointer" max="1"></Envelope>
				</gain>
			</GainNode-->

		</Chain>
	</Mixer>
</Audio>
<!--<Audio version="1.0" timeUnit="ms" interactionArea="#fluctuatingRect" gain="-10dB">
	
<mixer>
	<Chain portamento="50">

		<AudioBufferSourceNode src="FicSon_Sounds/C2/267101__omega9__weak-electric-weak-electric.wav">
			<frequency follow="relX" map="100,0,100,1000"></frequency>
		</AudioBufferSourceNode>
		 
		
		<GainNode>
			<gain>
				<Envelope adsr="100,100,50,20" trig="pointer" max="1"></Envelope>
			</gain>
		</GainNode>
		

	</Chain>
</mixer>
</Audio>
<Audio version="1.0" timeUnit="ms" interactionArea="#wheelchairRect" gain="-10dB">
	
<mixer>
	<Chain portamento="50">

		<SourceNode src="FicSon_Sounds/C3/C3.wav">
			<frequency follow="relX" map="100,0,100,1000"></frequency>
		</SourceNode>
		 
		
		<GainNode>
			<gain>
				<Envelope adsr="100,100,50,20" trig="pointer" max="1"></Envelope>
			</gain>
		</GainNode>
		

	</Chain>
</mixer>
</Audio>-->